Euan,Ashley
Tim,Assimes
Dipanjan,Banerjee
Todd,Brinton
Rajesh,Dash
William,Fearon
Peter,Fitzgerald
Michael,Fowler
Francois,Haddad
Robert,Harrington
Paul,Heidenreich
Mark,Hlatky
Sharon,Hunt
Erik,Ingelsson
Kiran,Khush
Joshua,Knowles
David,Lee
Nicholas,Leeper
David,Liang
George,Lui
Kenneth,Mahaffey
David,Maron
Micheal,McConnell
Mark,Mercola
Dan,Murphy
Sanjiv,Narayan
Patricia,Nguyen
Koen,Nieman
Marco,Perez
Thomas,Quertermous
Gerald,Reaven
Stanley,Rockson
Ian,Rogers
Karim,Sallam
Ingela,Schnittger
Joshua,Spin
Jeffrey,Teuteberg
Jennifer,Tremmel
Philip,Tsao
Mintu,Turakhia
Randall,Vagelos
Paul,Want
Matthew,Whitlock
Ronald,Witteles
Joseph,Wu
Philip,Yang
Alan,Yeung
Paul,Yock
Celina,Yong
